Ticker,Title,Date,Link,Type,Image_URL,Is_Editors_Pick,Provider,Publisher,Full Content,Summary
AAPL,Lululemon investors sour on new CEO pick as the stock sinks,,https://finance.yahoo.com/video/lululemon-investors-sour-on-new-ceo-pick-as-the-stock-sinks-141340248.html,VIDEO,https://s.yimg.com/uu/api/res/1.2/fV9l2TLGe.j6u6eVx_dZvg--~B/aD0yMDE4O3c9MzU4ODthcHBpZD15dGFjaHlvbg--/https://d29szjachogqwa.cloudfront.net/images/user-uploaded/14fb158d-c10e-4c7d-8167-68bcf81c9ffc_98e39470ccaec860bc0706310ce8eb3bd33b1091231d49df67ebf8dc6212ae71.net/images/2026-04/14fb158d-c10e-4c7d-8167-68bcf81c9ffc,True,"{'displayName': 'Yahoo Finance Video', 'url': 'https://finance.yahoo.com/', 'sourceId': 'video.yahoofinance.com'}",Yahoo Finance Video,"Lululemon (LULU) announced on Wednesday that former Nike (NKE) executive Heidi O’Neill will become the brand's next CEO starting in September. The stock has fallen slightly since reporting this news. Yahoo Finance Senior Reporter Brooke DiPalma outlines the investor reaction and what this all means for Lululemon's turnaround plan. Heidi uh has come on Yahoo Finance in the past when she was at Nike, uh incredibly accomplished executive, but let's keep in mind. I mean there's still a proxy fight here underway. So Heidi's got, I mean she's got her work cut out for her.  Heidi does have her work cut out for her, and she's not starting until September 8th of this year. And so investors are questioning, okay, we have to wait even longer for a turnaround to get underway at this company that's been falling behind the competition here. That's why we're seeing the stock slide today. It's down more than 8.4%.  Down nearly 8 and a half% now as we make our way into the day. And this is an executive who has experience at 25 years at Nike. But Brian, also keep in mind, she left Nike in 2025. So, analysts on Wall Street are questioning right now. Does that means that she retired and now she's coming out of retirement to take on this role? Does that mean that she won't stay in this role for a long time? And when she does actually start, what's going to be the plan to turn this company around? Right now there's a lot of question marks for investors, and I think that's why you're seeing sentiment fall a bit lower this morning.  Brooke, you're getting a free Starbucks gift card from me right after the show because that is the most amazing point I've seen out there so far on Lululemon. My inbox has been overrun by Lululemon takes from the Wall Street community, but I think what you mentioned, Brooke, right there on September, her not starting until September, frankly, is bonkers. I I don't get it.  I mean, that's what we're also seeing from Best Buy CEO, but you're seeing this six-month transition happen with both those executives. Even Apple having a similar transition of power. So our Best Buy that CEO starting end of October even, so even longer of a transition period, whereas Apple in September. So it's uncertain if she's going to maybe shadow or come in or be part of the company before that. So there's lots of question marks, but clearly this is a company where investors are looking for a playbook here about what the company's going to do next to compete in a full-price model type of environment where consumers are looking for value. So, lots of question marks that the company needs to face and day one's going to be a pretty hefty day one for her.  No, true that, true that. Uh  Sign in to access your portfolio",Lululemon (LULU) announced on Wednesday that former Nike (NKE) executive Heidi O’Neill will become the brand's next CEO starting in September. The stock has fallen slightly since reporting this news. Yahoo Finance Senior Reporter Brooke DiPalma outlines the investor reaction and what this all means for Lululemon's turnaround plan.
AAPL,Apple isn't looking for 'radical' change: Advice for the incoming CEO,,https://finance.yahoo.com/video/apple-isnt-looking-for-radical-change-advice-for-the-incoming-ceo-103000732.html,VIDEO,https://s.yimg.com/uu/api/res/1.2/L1gUX2foOHp4kV7rkB6tPg--~B/aD0xMDU3O3c9MTg4MDthcHBpZD15dGFjaHlvbg--/https://d29szjachogqwa.cloudfront.net/images/user-uploaded/852fd69a-bc32-4047-970b-f6e8ec3c5dd1_6c48121c1e2c03b7504a025bc172548a07280f10625d44b6a0a0811fd197d08d.net/images/2026-04/852fd69a-bc32-4047-970b-f6e8ec3c5dd1,True,"{'displayName': 'Yahoo Finance Video', 'url': 'https://finance.yahoo.com/', 'sourceId': 'video.yahoofinance.com'}",Yahoo Finance Video,"Apple (AAPL) CEO Tim Cook announced that he will be stepping down effective September 1, transitioning from chief executive to executive chairman and handing off the leadership reins to senior vice president of hardware engineering John Ternus. Yale School of Management executive fellow Gautam Mukunda — alongside Maxim Group managing director Tom Forte — examines the new directions Ternus may end up steering the company. I was reading in the in the Wall Street Journal this morning. One of the columnists there said that um Tim Cook shared the advice that he was given by Steve Jobs. And the advice was effectively, don't ask what would Steve do. Ask what what would Tim do? And so Tim said he would be sharing that same kind of advice that that would be his advice for John Tunus as well, um or the next leader because at this point, uh when they were talking, we didn't know who the next leader would be. So as somebody who studies management leadership, like how does one take that and then take Apple into the next phase?  Right. So it's excellent advice for any leader and you know, there there are lots of things you should listen to from Steve Jobs, that's one of them. But you pick a John Tunus and he has spent more than half of his life at Apple. He's the consume Apple insider. He is clearly someone who everyone at Apple is very comfortable with and the board is comfortable with. You pick a John Turner because you don't want to make big changes, right? Like this is the quintessential we are an incredibly successful company. Everything we're doing well, everything is going about as well for us as you could hope for except for questions about their AI strategy. We are not looking for radical change. It is the thing you want to double down on that is you want is that what Apple seems to be saying is, right, he's an engineer. He's not just someone who's led their engineering project, he's a trained engineer. Um and Apple's distinctiveness under jobs and you know and Cook was they were just they were just really really good at hardware. It's it is an astonishing achievement when you really get down to it. Apple Silicon when they launched it was a technological leap forward that just gave them a huge leg up over everyone else. Their minor businesses like AirPods or the Apple Watch, which for Apple are not that big a deal, from almost any other company in the world would be the biggest product they've ever launched in their entire history. So it looks to me like Apple was sort of making a statement here about they're they're tacking when everyone against the wind that everyone else is going all in on AI software and saying, we're going to continue being the hardware leader. We're going to continue doubling down on our on our expertise of that and we can bring in AI skills from other people.  Sign in to access your portfolio","Apple (AAPL) CEO Tim Cook announced that he will be stepping down effective September 1, transitioning from chief executive to executive chairman and handing off the leadership reins to senior vice president of hardware engineering John Ternus. Yale School of Management executive fellow Gautam Mukunda — alongside Maxim Group managing director Tom Forte — examines the new directions Ternus may end up steering the company."
AAPL,Nasdaq Slides. Earnings Fail to Save the Day.,2026-04-23T20:01:43Z,,STORY,https://media.zenfs.com/en/Barrons.com/12ea0f43d8f8307249a68d1cb2e0587e,False,"{'displayName': 'Barrons.com', 'url': 'http://www.barrons.com/', 'sourceId': 'Barrons.com'}",Barrons.com,الرابط غير متاح,"The Nasdaq slipped from record highs on Thursday after the first big wave of tech earnings failed to save the day.  The Dow dropped 180 points, or 0.4%.  The S&P and Nasdaq finished Wednesday at closing highs."
AAPL,Jim Cramer Makes Interesting Remarks About Adobe (ADBE),2026-04-23T19:36:55Z,https://finance.yahoo.com/markets/stocks/articles/jim-cramer-makes-interesting-remarks-193655414.html,STORY,https://media.zenfs.com/en/insidermonkey.com/20ed0b315ab532d61be1007baa7e7371,False,"{'displayName': 'Insider Monkey', 'url': 'http://www.insidermonkey.com', 'sourceId': 'insidermonkey.com'}",Insider Monkey,"We recently shared Jim Cramer Rubbished Circular AI Deals & Commented On These 18 Stocks. Adobe Inc (NASDAQ:ADBE) is one of the stocks discussed by Jim Cramer. Productivity software firm Adobe Inc (NASDAQ:ADBE)’s stock has struggled in today’s AI era. They are down by 29% over the past year and by 25.8% year-to-date. Amidst this dip, Cramer has discussed the firm several times over the past year. He has commented on the impact of AI on its products, and more recently, remarked that even Apple’s software might have an edge. Citi discussed Adobe Inc (NASDAQ:ADBE)’s shares on April 10th as it raised the share price target to $287 from $253 and kept a Neutral rating on the shares. Earlier, in March, William Blair had also commented on the firm. It downgraded Adobe Inc (NASDAQ:ADBE) to Market Perform and discussed competition in the software market. The financial firm remarked that while the software company was trading at cheaper multiples, it still faced tough competition. Cramer remarked on the competition Adobe Inc (NASDAQ:ADBE) was facing from Anthropic: “Well let’s talk about the one that I think is basically the most impacted by Anthropic. Adobe. I can recreate Adobe on Anthropic for nothing, you can, it’s just like done. And that’s better than Canva, its’ better than Figma. And on Google, you can recreate it on Google. And here we go it’s been going up and it’s a big short squeeze and you basically have a 100 billion dollar company that may have an existential crisis, may not even be able to overcome what Google is doing. But the stock is going higher because it’s a short squeeze. “Look Adobe is now, you know my daughter went to Parsons, and they give you a course on how to use Adobe. Of course, all the design schools give you a course on how to use Adobe. I think that when these design schools take Adobe out, because Adobe costs a lot of money, I think you’re going to say wow, this is a company that’s like digital equipment.” one photo/Shutterstock.com Patient Opportunity Equity Strategy discussed Adobe Inc. (NASDAQ:ADBE) in its Q1 2026 investor letter: “We initiated a position in Adobe Inc. (NASDAQ:ADBE), a casualty of the “SaaS-pocalypse”. Adobe is the dominant platform for creative professionals, holding a near-monopoly position across document management, digital design, and marketing software. Despite this strong competitive position, the stock has been weighed down by investor concerns around AI disruption to its core creative tools business. We believe these fears are overblown. You do not need to believe much for there to be attractive upside in the name. The company’s Document Cloud and Experience Cloud businesses represent durable, high-margin recurring revenue streams with limited disruption risk, and the company continues to incorporate AI into its product suite with its Firefly generative AI platform already beginning to monetize. If you simply believe the company can grow the bottom line at 7.5% annually over the next five years, the stock is worth roughly 60% more than where it trades today. The company continues to generate significant free cash flow, trading at a 10% FCF yield, and has returned meaningful capital to shareholders through buybacks, repurchasing a net 21% of shares outstanding over the last ten years.” While we acknowledge the potential of ADBE as an investment, we believe certain AI stocks offer greater upside potential and carry less downside risk. If you're looking for an extremely undervalued AI stock that also stands to benefit significantly from Trump-era tariffs and the onshoring trend, see our free report on the best short-term AI stock. READ NEXT: 33 Stocks That Should Double in 3 Years and Cathie Wood 2026 Portfolio: 10 Best Stocks to Buy.  Disclosure: None. Follow Insider Monkey on Google News. Sign in to access your portfolio",We recently shared Jim Cramer Rubbished Circular AI Deals & Commented On These 18 Stocks. Adobe Inc (NASDAQ:ADBE) is one of the stocks discussed by Jim Cramer. Productivity software firm Adobe Inc (NASDAQ:ADBE)’s stock has struggled in today’s AI era. They are down by 29% over the past year and by 25.8% year-to-date. Amidst this […]
AAPL,Jim Cramer Was Shocked By Apple (AAPL) CEO’s Departure,2026-04-23T19:34:48Z,https://finance.yahoo.com/markets/stocks/articles/jim-cramer-shocked-apple-aapl-193448517.html,STORY,https://media.zenfs.com/en/insidermonkey.com/e6c230b8236fe8ca157faf29d254d5d9,False,"{'displayName': 'Insider Monkey', 'url': 'http://www.insidermonkey.com', 'sourceId': 'insidermonkey.com'}",Insider Monkey,"We recently shared Jim Cramer Rubbished Circular AI Deals & Commented On These 18 Stocks. Apple Inc. (NASDAQ:AAPL) is one of the stocks discussed by Jim Cramer. Consumer electronics giant Apple Inc. (NASDAQ:AAPL) created quite a bit of a splash yesterday after it announced that CEO Tim Cook would be stepping down from his role. Cook, who took over from the firm’s renowned founder Steve Jobs, saw Apple Inc. (NASDAQ:AAPL) become one of the most valuable companies in the world. Bernstein discussed the firm on March 18th as it kept an Outperform rating and a $340 share price target for the company. It remarked that Apple Inc. (NASDAQ:AAPL) was currently expanding its product portfolio to cater to the needs of the lower end bracket as well. To wit, the firm’s incoming CEO, John Ternus, is currently the senior vice president of Hardware Engineering. Cramer has been one of Apple Inc. (NASDAQ:AAPL) ‘s strongest defenders and has repeatedly asserted that it is better to own the shares rather than to trade them. The CNBC TV host also praised current CEO Tim Cook after visiting Apple Inc. (NASDAQ:AAPL) supplier Corning’s factory in Kentucky last year. Naturally, he was lost for words as he learned about Cook’s departure and tweeted: “Stunning: Tim Cook stepping down. This is tough news for those of us who have learned so much from him… “Very hard.. Tim’s the best….” Pixabay/Public Domain While we acknowledge the potential of AAPL as an investment, we believe certain AI stocks offer greater upside potential and carry less downside risk. If you're looking for an extremely undervalued AI stock that also stands to benefit significantly from Trump-era tariffs and the onshoring trend, see our free report on the best short-term AI stock. READ NEXT: 33 Stocks That Should Double in 3 Years and Cathie Wood 2026 Portfolio: 10 Best Stocks to Buy.  Disclosure: None. Follow Insider Monkey on Google News. Sign in to access your portfolio",We recently shared Jim Cramer Rubbished Circular AI Deals & Commented On These 18 Stocks. Apple Inc. (NASDAQ:AAPL) is one of the stocks discussed by Jim Cramer. Consumer electronics giant Apple Inc. (NASDAQ:AAPL) created quite a bit of a splash yesterday after it announced that CEO Tim Cook would be stepping down from his role. […]
AAPL,Apple gets a stunning boost as smartphone rivals stumble,2026-04-23T18:46:31Z,https://finance.yahoo.com/markets/stocks/articles/apple-gets-stunning-boost-smartphone-184631389.html,STORY,https://media.zenfs.com/en/thestreet_881/5f9d0bd1cac64d64ea4c3cec36882416,False,"{'displayName': 'TheStreet', 'url': 'https://www.thestreet.com/', 'sourceId': 'thestreet_881'}",TheStreet,"Apple's (AAPL) most recent victory in China is worth more than simply bragging rights about smartphones, CNBC reported. New market data show that the company's iPhone shipments in China rose 20% in the first quarter, the fastest growth among major suppliers, even while the country's overall smartphone market decreased 4%. Investors can't ignore that kind of difference, especially since China has been one of Apple's major worries in the market over the past year. The timing is important. Apple will release its fiscal second-quarter results on April 30, 2026. The business had a great Christmas quarter, making $143.8 billion in sales, a 16% increase over the same time last year, and diluted earnings per shareof $2.84, a 19% increase. Apple claimed that iPhone sales reached $85.3 billion and Services sales reached $30.0 billion, both of which were record highs for that quarter. The financial situation makes the rise in shipments to China even more important. For investors, the situation is clear: If Apple is gaining market share in a falling market and yet making record profits, the company may be entering earnings season with greater momentum than the smartphone industry as a whole. AAPL was worth around $266.17 on April 22, 2026. This gave Apple a market valuation of about $3.94 trillion and a price-to-earnings ratio of about 33.7. “In a market where most rivals are raising prices, Apple stands out for value,” Counterpoint’s Ivan Lam said, as reported by Barron's, arguing that Chinese buyers view Apple devices as products that can last for years. Apple's first-quarter shipping gain is notable because it happened during a dip in the industry as a whole. China's smartphone industry shrank by 4% from January to March because memory chip prices went up and supply chain problems forced suppliers to protect their profit margins, reported Counterpoint Research. In that situation, Apple's 20% growth in shipments was the biggest among major brands. Huawei also gained, but only by 2%. It had the most market share, 20%, which was slightly ahead of Apple's 19%. Related: Bank of America revamps Apple price target That's important because China isn't just a side story for Apple. Apple generated $25.526 billion in sales in Greater China in its most recent quarter, making it one of the company's most important regions. The company made $143.756 billion in sales, $69.231 billion in gross margin, $50.852 billion in operating income, and $42.097 billion in net income for the first quarter of the fiscal year. The combination of categories also helps explain why investors are so interested in iPhone demand. Apple's fiscal Q1 data cited by 24/7 Wall St show that iPhone sales were $85.269 billion, while Services sales hit $30.013 billion, Mac sales were $8.386 billion, and iPad sales reached $8.595 billion. The iPhone remains Apple's most profitable product, and a recovery in China could significantly impact the company's overall revenues. The difference with competitors is also intriguing. Xiaomi's shipments dropped 35%, while Oppo's and Honor's deliveries dropped 5% and 3%, respectively. Vivo grew by 2%, thanks in part to demand during the Lunar New Year, but Apple and Huawei were the clear winners in a tough quarter. Apple's edge is due to its product longevity, brand strength, and appealing environment, not low prices. Barron'snoted that while other companies boosted prices to cover higher memory costs, Apple was seen as keeping its value and relying on its loyal customers. Apple itself shared that there are now more than 2.5 billion active devices in its installed base. This is an important number, since it means the base can support future Services income and hardware updates. The shipment statistics would be interesting on their own, but they mean more because Apple is already in a strong financial position going into earnings season. Apple made approximately $54 billion in operating cash flow in the first quarter of the fiscal year and gave back roughly $32 billion to shareholders. This included $24.7 billion in share repurchases and $3.9 billion in dividends. More Tech Stocks: Morgan Stanley sets jaw-dropping Micron price target after event Nvidia’s China chip problem isn’t what most investors think Quantum Computing makes $110 million move nobody saw coming The business had $45.3 billion in cash and cash equivalents at the end of the quarter. Those statistics allow Apple a lot of room to deal with rising costs, keep buying back shares, and keep its margins safe in markets that change quickly. Wall Streetis also keeping a close eye on Apple's shares because it is still one of the most valuable companies on the market. Apple's market cap was close to $3.94 trillion on April 22. As of mid-March, AAPL was up 18.8% over the past 12 months. This is despite the fact that investors have been keeping an eye on changes in leadership and Apple's place in the AI race. That's why the China rebound is important. Apple doesn't need every region to do well at the same time, but it does help when one of its most closely watched regions goes from being a drag to being a support. If that keeps happening, it might reassure people about both iPhone sales and the larger Services ecosystem that Apple has built over time. Apple’s iPhone shipments in China rose 20% in Q1 2026, while the overall market fell 4%. Huawei remained No. 1 in China with a 20% share, while Apple ranked second at 19%. Apple’s latest reported quarter delivered $143.8 billion in revenue, $42.1 billion in net income, and $2.84 diluted EPS. Greater China revenue reached $25.5 billion in Apple’s fiscal Q1. AAPL traded around $266.17 on April 22, with a market value near $3.94 trillion. People have been talking about China as one of Apple's biggest problems for months. The fresh shipment data doesn't satisfy all of our questions, but it certainly shifts the tone. Apple is no longer only maintaining its position; it is now showing that it can gain market share even in a market that is shrinking. That is a big sign for a corporation whose financial results are still mostly based on the iPhone but are also aided by a profitable Services sector and one of the world's largest installed device bases. The most important thing is that Apple's revival in China is happening at a time when the business already appears very strong. Management has leeway to deal with rising costs and competition thanks to record quarterly revenue, expanding profits, a lot of cash flow, and ongoing buybacks. If the earnings report for April 30 demonstrates that demand in China is holding up beyond exports alone, investors may start to see the region as less of a concern and more of a new opportunity for growth. For Wall Street, this quarter might not be as much about whether Apple can stay stable. Investors are also watching whether the company is quietly creating another leg of growth in one of the world's hardest smartphone markets. Related: Apple stock sees stunning Wall Street twist before earnings This story was originally published by TheStreet on Apr 23, 2026, where it first appeared in the Investing section. Add TheStreet as a Preferred Source by clicking here. Sign in to access your portfolio","Apple's (AAPL) most recent victory in China is worth more than simply bragging rights about smartphones, CNBC reported. New market data show that the company's iPhone shipments in China rose 20% in the first quarter, the fastest growth among major suppliers, even while the country's overall ..."
AAPL,Intel’s $250 Billion Rally Slams Into a Potential Earnings Wall,2026-04-23T18:16:55Z,https://finance.yahoo.com/markets/stocks/articles/intel-240-billion-rally-slams-091734304.html,STORY,https://media.zenfs.com/en/bloomberg_holding_pen_162/028be8f28493cac96c5b06f5ea18e442,False,"{'displayName': 'Bloomberg', 'url': 'https://www.bloomberg.com/company', 'sourceId': 'bloomberg_holding_pen_162'}",Bloomberg,"(Bloomberg) -- Intel Corp. has been one of the hottest stocks in the market over the past 12 months, soaring 230% to the highest price since the dot-com bubble. But the rally is facing a potential roadblock in the company’s first-quarter earnings report due after the close Thursday. Most Read from Bloomberg Anthropic’s Mythos Model Is Being Accessed by Unauthorized Users Inside Alex Cooper’s Unwell: Tears, Screaming and Employees Looking for the Exit Trump Encourages Companies Not to Seek Tariff Refunds US Boards Supertanker Carrying Oil From Iran in Indian Ocean Microsoft Offers Buyouts to About 7% of US Workers The shares have been on a roll since last year, spurred by the US government’s $8.9 billion investment in return for a stake in the once-struggling chipmaker. Since then, it has also paid $14 billion to buy back half of a plant in Ireland that it had previously sold to Apollo Global Management, joined Elon Musk’s semiconductor manufacturing project Terafab and received a commitment from Alphabet Inc.’s Google to use its processors. These developments have offered investors encouraging signs about Intel’s turnaround under Chief Executive Officer Lip-Bu Tan. As a result, the stock is among the 20 best performers in the S&P 500 Index in the last year, soaring 63% since March 30 alone. Last week, it closed at $68.50, its highest level since September 2000. With the rally continuing Thursday, sending the stock up as much as 4.6%, the company’s market capitalization stands at around $340 billion — a year ago it was just $90 billion. But the first-quarter earnings report could halt that momentum. Wall Street analysts expect Intel to post adjusted earnings per share of 1 cent, a 92% drop from a year ago, and a slight decline in revenue to $12.4 billion. Gross margins are projected to fall to less than 35% from 39% in the first quarter of 2025. “I think financial strength may still take time,” said Hendi Susanto, a portfolio manager at Gabelli Funds, which holds Intel stock. “I still expect some volatility, including some potential pullback” in the shares. One challenge for the investors seeking more gains from here is the rally has made Intel the most expensive chip stock in the market. It’s trading at about 94 times earnings expected over the next 12 months, the highest multiple in the Philadelphia semiconductor index. The next closest is Arm Holdings Plc at 93 times estimated earnings, while Nvidia Corp. is priced at around 22 times. “Consensus is actually saying that these shares are expensive and that based on the current valuation, they’re expecting downside,” said Melissa Otto, head of technology, media and telecommunications research at Visible Alpha. “The company needs to come out with guidance and earnings that are meaningfully higher in order to essentially move beyond the current expectations of what is priced in.” Wall Street is looking for more evidence of a recovery, particularly in its competitiveness in foundry services and chip design, according to Wedbush analyst Matt Bryson, who thinks Intel shares have “gotten ahead of reality.” He has a neutral rating on the stock and a $30 price target, which implies a 54% decline from Wednesday’s close. “The change over the last three months seems less tied to definitive signs Intel’s execution has improved, but is rather due to tightening of available best-in-class manufacturing due to the continued accelerated growth of AI data centers,” he wrote in an April 20 note to clients. Investors will be all ears on any discussion of new customers for Intel’s foundry business, which has been the source of speculation in recent weeks. Intel shares got a boost late Wednesday when Musk said Tesla plans to use the firm’s 14A chip production technology. “They haven’t quite come out and said, ‘Hey we’ve won this major customer for foundry,’” said Jay Goldberg, a senior analyst at Seaport Group, who added that it’s “the most important thing for the company long term.” Another focus will be comments on capacity constraints for central processing units, or CPUs, which drove part of Intel’s weaker-than-expected first-quarter revenue guidance in its previous report. The stock plunged 17% on Jan. 23, the day after the results, its worst drop since August 2024. And investors will want to hear guidance on gross margins, which are expected to recover in the second half. Some stock market pros see upside for Intel in the server CPU business, which is “the key near-term catalyst to drive earnings upside and is still not priced in,” HSBC analysts led by Frank Lee wrote in an April 21 note. In an environment with high demand and supply constraints, Intel should be able to charge a premium for server CPUs, which would generate revenue growth, they said. For the most part, however, Wall Street is skeptical that the stock will see more gains from here. The average 12-month price target from the 52 analysts tracked by Bloomberg who cover the company was $56.57 on Wednesday, which implies a more than 13% decline from where it closed. “The quarter will be tough,” Seaport’s Goldberg said. “But I think they’ll be able to speak more positively on the outlook for the rest of the year.” Tech Chart of the Day The Philadelphia Stock Exchange Semiconductor Index rose 2.7% on Wednesday, its 16th straight positive session. That’s its longest such streak on record, based on data that goes back to 1994. Top Tech Stories Tesla Inc. anticipates billions of dollars in additional spending this year to support Elon Musk’s ambitions to transform the electric-vehicle pioneer into an AI and robotics company. Tesla plans to spend roughly $3 billion to build a research chip factory in Texas, according to Musk, an early phase of an effort to establish chip manufacturing at a massive scale. Microsoft Corp. announced its biggest-ever investment in Australia, pledging to spend A$25 billion ($17.9 billion) by the end of 2029 as it pushes deeper into the artificial intelligence market in the Asia-Pacific region. Apple Inc. Chief Executive Officer Tim Cook, who plans to step down in a few months, cited the launch of Apple Maps on the iPhone in 2012 as his “first really big mistake” as the company’s boss. SK Hynix Inc. reported a five-fold jump in quarterly profit that yet failed to impress investors questioning how long booming sales for AI memory chips can last. Earnings Due Thursday Earnings Postmarket: VeriSign Inc. (VRSN US) Appfolio Inc. (APPF US) Intel Corp. (INTC US) Knowles Corp. (KN US) MaxLinear Inc. (MXL US) SS&C Technologies Holdings Inc. (SSNC US) --With assistance from Subrat Patnaik, David Watkins and Ryan Vlastelica. (Updates share moves throughout.) Most Read from Bloomberg Businessweek ‘I Have Half of MAGA’: The Republican Challenging Trump From Within AI Startup Has Helped Reverse Thousands of Denied Health Insurance Claims QVC Lost the Home Shoppers to Social Media Influencers Three Bedrooms for €60 Million Shows Monaco’s Dirty Money Headache A Restaurant That’s Barely Raised Prices Since 1973 ©2026 Bloomberg L.P. Sign in to access your portfolio","(Bloomberg) -- Intel Corp. has been one of the hottest stocks in the market over the past 12 months, soaring 230% to the highest price since the dot-com bubble. But the rally is facing a potential roadblock in the company’s first-quarter earnings report due after the close Thursday. Most Read from BloombergAnthropic’s Mythos Model Is Being Accessed by Unauthorized UsersInside Alex Cooper’s Unwell: Tears, Screaming and Employees Looking for the ExitTrump Encourages Companies Not to Seek Tariff Re"
AAPL,Prediction: Apple Stock Will Flourish Under New CEO,2026-04-23T18:05:00Z,https://finance.yahoo.com/markets/stocks/articles/prediction-apple-stock-flourish-under-180500238.html,STORY,https://media.zenfs.com/en/motleyfool.com/e2a8472d1f3492d0402f4f206885674c,False,"{'displayName': 'Motley Fool', 'url': 'http://www.fool.com/', 'sourceId': 'motleyfool.com'}",Motley Fool,"For the first time in 15 years, Apple (NASDAQ: AAPL) is set to get a new voice at the top, with Tim Cook stepping down as CEO in September 2026 and transitioning to executive chairman. While the news came as a surprise, I think it will be good for the company and its stock. Cook did a nice job stepping in for Steve Jobs after he passed away. He led Apple to become the first trillion-dollar market cap company in 2018 and saw the stock grow in value more than 20-fold after taking over. He oversaw solid new introductions with the Apple Watch and Airpods, while Apple's margins expanded nicely as a higher percentage of revenue has come from its high-gross-margin services business. Will AI create the world's first trillionaire? Our team just released a report on the one little-known company, called an ""Indispensable Monopoly"" providing the critical technology Nvidia and Intel both need. Continue » That said, to put it in football terms, Cook has been much more of a game manager at the quarterback position than anything else. Apple has one of the best business models on the planet; its ecosystem locks in customers and keeps them there, where it then continues to sell them more high-margin services. That's why perhaps Cook's biggest win wasn't a fancy new tech product, but the introduction of Apple Pay, which turned the iPhone into a digital wallet for its affluent customer base. At this point, I think it would be difficult for most people to screw up running Apple. It has just a great flywheel business that should continue to run smoothly, barring any major missteps. However, the introduction of John Ternus as CEO could inject some additional life into the company. Unlike Cook, who was an operations guy, Ternus is a tech guy, having managed the hardware engineering for Apple's top products over the past 25 years. That background could help bring some much-needed product innovation to a company that has been much more of a tech follower over the past decade. Ternus takes over at an important time as the company decides what to do with its artificial intelligence (AI) strategy. It's been lagging in this area, although Apple has proven in the past to have a second-mover advantage and not leap into untested areas. But if Ternus can help the company introduce some new products that bring excitement to the Apple brand, it can feed more into its flywheel business model. Apple has the cash and means to be bolder, whether with innovation or acquisitions. While you can't fault Cook's track record, you can argue he played it too close to the vest and that he should have gone out and made some bigger acquisitions (like buying Netflix, for example, when he had the opportunity). Ternus now has the opportunity to take the company in a bolder direction, which should be good for Apple shareholders. Before you buy stock in Apple, consider this: The Motley Fool Stock Advisor analyst team just identified what they believe are the 10 best stocks for investors to buy now… and Apple wasn’t one of them. The 10 stocks that made the cut could produce monster returns in the coming years. Consider when Netflix made this list on December 17, 2004... if you invested $1,000 at the time of our recommendation, you’d have $502,837!* Or when Nvidia made this list on April 15, 2005... if you invested $1,000 at the time of our recommendation, you’d have $1,241,433!* Now, it’s worth noting Stock Advisor’s total average return is 977% — a market-crushing outperformance compared to 200% for the S&P 500. Don't miss the latest top 10 list, available with Stock Advisor, and join an investing community built by individual investors for individual investors. See the 10 stocks » *Stock Advisor returns as of April 23, 2026.  Geoffrey Seiler has no position in any of the stocks mentioned. The Motley Fool has positions in and recommends Apple and Netflix. The Motley Fool has a disclosure policy. Prediction: Apple Stock Will Flourish Under New CEO was originally published by The Motley Fool Sign in to access your portfolio",New CEO John Ternus could breathe life into Apple stock.
AAPL,Is Apple (AAPL) One Of The Best Warren Buffett Stocks?,2026-04-23T17:01:39Z,https://finance.yahoo.com/markets/stocks/articles/apple-aapl-one-best-warren-170139047.html,STORY,https://media.zenfs.com/en/insidermonkey.com/abe42548427d5976d59895bbd8b8797c,False,"{'displayName': 'Insider Monkey', 'url': 'http://www.insidermonkey.com', 'sourceId': 'insidermonkey.com'}",Insider Monkey,"Apple Inc. (NASDAQ:AAPL) is included in our list of the best Warren Buffett stocks. brandon-romanchuk-NOFyRmSQfUQ-unsplash Buffett added Apple Inc. (NASDAQ:AAPL) to his portfolio back in 2016. As of Q1 2016, Warren Buffett held 39.25 million shares worth over $1.07 billion. Over the years, the billionaire continued to acquire more shares of the iPhone-maker, seeing the investment appreciate significantly. As of Q4 2025, Berkshire holds over 227 million shares, which translates into a $62 billion stake. Meanwhile, Apple Inc. (NASDAQ:AAPL) is also widely held by hedge funds, with 169 out of 1,041 hedge funds remaining bullish on the stock. The combined hedge fund stake in the company totals $108.68 billion as of Q4 2025. Investor confidence in Apple reflects the durability of the company’s ecosystem, AI-driven device engagement, and a high-margin services segment that continues to expand. Meanwhile, RiverPark Advisors, an investment advisory firm and sponsor of the RiverPark family of mutual funds, said the company’s shares rose on better-than-feared iPhone 17 sell-through, stronger momentum in services, and early adoption of on-device AI exceeding internal expectations. In addition to this, the firm cited higher Pro-model attach rates in North America and Europe and wearables’ return to growth even as macro softness in China persisted. Additionally, RiverPark noted that Apple Inc. (NASDAQ:AAPL) remains one of the world’s most resilient and profitable businesses, supported by its massive installed base, strong ecosystem lock-in, expanding recurring revenue streams, robust cash generation, ongoing share purchases, and disciplined cash allocation. Around the same time, YCG LLC, an asset management firm, echoed that long-term optimism in its Q4 investor letter, noting that it purchased Apple Inc. (NASDAQ:AAPL) during the April tariff-driven selloff, viewing the company as a high-quality business temporarily impacted by market fear. It later trimmed its position after the stock recovered, while maintaining that its long-term outlook for Apple remains largely unchanged. Apple Inc. (NASDAQ:AAPL) designs, manufactures, and markets smartphones, personal computers, tablets, wearables, and accessories, and also provides a range of related services. While we acknowledge the potential of AAPL as an investment, we believe certain AI stocks offer greater upside potential and carry less downside risk. If you're looking for an extremely undervalued AI stock that also stands to benefit significantly from Trump-era tariffs and the onshoring trend, see our free report on the best short-term AI stock. READ NEXT: 33 Stocks That Should Double in 3 Years and 15 Stocks That Will Make You Rich in 10 Years. Disclosure: None. Follow Insider Monkey on Google News. Sign in to access your portfolio","Apple Inc. (NASDAQ:AAPL) is included in our list of the best Warren Buffett stocks. Buffett added Apple Inc. (NASDAQ:AAPL) to his portfolio back in 2016. As of Q1 2016, Warren Buffett held 39.25 million shares worth over $1.07 billion. Over the years, the billionaire continued to acquire more shares of the iPhone-maker, seeing the investment […]"
AAPL,Nike Is Now the Third Highest-Yielding Dividend Stock in the Dow Jones Industrial Average. Should You Follow Apple CEO Tim Cook's Lead and Buy Nike Near a 10-Year Low?,2026-04-23T16:50:00Z,https://finance.yahoo.com/markets/stocks/articles/nike-now-third-highest-yielding-165000167.html,STORY,https://media.zenfs.com/en/motleyfool.com/f13a849ba63b00b7b85439cf64a68b53,False,"{'displayName': 'Motley Fool', 'url': 'http://www.fool.com/', 'sourceId': 'motleyfool.com'}",Motley Fool,"Tim Cook made headlines on April 20 when Apple announced he would step down as CEO to become executive chairman, effective Sept. 1, 2026. Cook has been CEO since 2011. Will AI create the world's first trillionaire? Our team just released a report on the one little-known company, called an ""Indispensable Monopoly"" providing the critical technology Nvidia and Intel both need. Continue » But his tenure on the Nike (NYSE: NKE) board of directors dates all the way back to 2005. Cook has been making noteworthy purchases of Nike stock in recent months -- including 50,000 shares in December and another 25,000 shares in April. Despite a broader market recovery in recent weeks, Nike is hovering around a 10-year low -- impacted by its 27% year-to-date decline and 62.7% collapse over the last three years. The sell-off has pushed Nike's dividend yield to 3.5% -- making it the third-highest yielding stock among the 30 components of the Dow Jones Industrial Average, behind only Chevron and Verizon Communications. Cook's purchase is a vote of confidence that the worst for Nike could be over, but it doesn't mean Nike will magically rebound overnight. Here's why Nike's investment thesis is shaken, why Nike has transformed from a growth stock to a high-yield dividend stock, and whether Nike is a buy now. The COVID-19 pandemic proved to be a very misleading time for Nike, as was true for many companies. Nike invested heavily in its direct-to-consumer (DTC) Nike Direct strategy -- which consists of Nike Digital through its website and app, as well as Nike-owned retail stores. The idea thrived during the pandemic, as consumers naturally pivoted to online shopping and Nike Digital provided a streamlined option. But Nike went way too far by reducing ties with many of its wholesale partners. The idea backfired as COVID-19 restrictions eased and Nike came under pressure from familiar competitors, as well as newer ones like Deckers Outdoor-owned Hoka and On Holding. Nike's earnings and margins began ticking down. And it became painfully obvious that Nike was more dependent on its wholesale partnerships than it cared to admit. DTC gives Nike greater control over the buyer experience to make promotions more effective, cuts out the middleman nature of wholesale partners, and can theoretically boost margins by reducing operating costs. But it also makes Nike more responsible for aligning product quality and quantity with consumer interests. If Nike overestimates demand or misses the mark on key design trends, it can be left holding a lot of unwanted inventory -- which forces discounts and losses. However, wholesale partners take some of that downside risk off Nike. Nike was caught flat-footed in the years following the pandemic, so it named Nike veteran Elliott Hill as CEO in October 2024 and tasked him with turning the business around. But the turnaround has taken far longer than some investors may have initially expected. Not only is Nike dealing with its own supply chain, marketing, and strategy issues, it is also facing a difficult operating environment for consumer discretionary spending in general, not to mention added tariff-related costs that are further straining its margins. Nike's size, which used to be a core strength, is now one of its greatest weaknesses. The company is such a massive, diversified global business that it's difficult for a single market or theme to move the needle. So even though Nike is leaning more into sports -- especially running and football -- and its North American wholesale sales channels, it continues to be dragged down by Greater China, Converse, and its sportswear segment. For the quarter, wholesale revenue increased 5%, but Nike Digital revenue fell 9%, and Nike-owned store sales dropped 5%. On the April earnings call, Nike said that it will return to providing full-year and long-term guidance at its Investor Day in the fall -- which is a red flag that Nike needs more time to chart a clear and attainable turnaround. Nike's cash, cash equivalents, and short-term investments fell $2.3 billion to $8.1 billion in the third quarter of 2026 because cash dividends, share buybacks, bond repayments, and capital expenditures were higher than cash generated from operations. However, Nike did reduce its long-term debt by 12% year over year to $7.03 billion. In November, Nike announced a 3% increase in its quarterly dividend, boosting the payout to $0.41 per share and marking the 24th consecutive annual dividend raise. However, it's difficult for investors to be confident in Nike's payout when its free cash flow can't cover its dividends and buybacks. Given Nike's steep sell-off, you may think the stock would fetch a dirt cheap valuation. But analyst consensus earnings estimates of $1.50 per share in fiscal 2026 and $1.89 in fiscal 2027 point to a slow recovery. Nike's stock price at the time of this writing of $46.50 is still 24.6 times fiscal 2027 estimates, which isn't cheap at all. Nike is arguably one of the most difficult stocks to value in today's market. The company has overpromised and underdelivered for years, to the point where management isn't even providing full-year guidance. Its dividend yield is attractive, but it comes at the expense of depleting cash from the balance sheet. But to Nike's credit, cash, cash equivalents, and short-term investments are still higher than its long-term debt. If Nike can recover to its pre-pandemic form, the stock will be too cheap to ignore. And there's reason to believe Nike is on the right path now that it has centered its focus on core product categories and is back to growing its wholesale business. All told, it's probably best if most investors keep Nike on a watch list until it shows a clear path to dividend stability and earnings growth. However, those who are confident that its strategic shifts will pay off may want to step in and buy high stock now. Nike's dividend provides a worthwhile incentive to hold the stock through this period, though it means little if the stock's decline continues to outpace dividend income, as has been the case in recent years. Before you buy stock in Nike, consider this: The Motley Fool Stock Advisor analyst team just identified what they believe are the 10 best stocks for investors to buy now… and Nike wasn’t one of them. The 10 stocks that made the cut could produce monster returns in the coming years. Consider when Netflix made this list on December 17, 2004... if you invested $1,000 at the time of our recommendation, you’d have $502,837!* Or when Nvidia made this list on April 15, 2005... if you invested $1,000 at the time of our recommendation, you’d have $1,241,433!* Now, it’s worth noting Stock Advisor’s total average return is 977% — a market-crushing outperformance compared to 200% for the S&P 500. Don't miss the latest top 10 list, available with Stock Advisor, and join an investing community built by individual investors for individual investors. See the 10 stocks » *Stock Advisor returns as of April 23, 2026.  Daniel Foelber has positions in Nike. The Motley Fool has positions in and recommends Apple, Chevron, Deckers Outdoor, Nike, and On Holding. The Motley Fool recommends Verizon Communications. The Motley Fool has a disclosure policy. Nike Is Now the Third Highest-Yielding Dividend Stock in the Dow Jones Industrial Average. Should You Follow Apple CEO Tim Cook's Lead and Buy Nike Near a 10-Year Low? was originally published by The Motley Fool Sign in to access your portfolio",Nike's dividend yield is near an all-time high due to its falling stock price and 24 years of dividend increases.
